{
  "project_info": {
    "project_number": "209252823026",
    "firebase_url": "https://e-lecture-cd33b.firebaseio.com",
    "project_id": "e-lecture-cd33b",
    "storage_bucket": "e-lecture-cd33b.appspot.com"
  },
  "client": [
    {
      "client_info": {
        "mobilesdk_app_id": "1:209252823026:android:8b300dd284854c5a44c56b",
        "android_client_info": {
          "package_name": "com.developer.rohitdhende.electure"
        }
      },
      "oauth_client": [
        {
          "client_id": "209252823026-jip5e972i9098vu43pk9so19aahfue79.apps.googleusercontent.com",
          "client_type": 3
        }
      ],
      "api_key": [
        {
          "current_key": "AIzaSyB90u0OdvNUL3p5N0OhrIxLdPbNuTPAnyo"
        }
      ],
      "services": {
        "appinvite_service": {
          "other_platform_oauth_client": [
            {
              "client_id": "209252823026-jip5e972i9098vu43pk9so19aahfue79.apps.googleusercontent.com",
              "client_type": 3
            }
          ]
        }
      }
    }
  ],
  "configuration_version": "1"
}